,min_time,avg_time,std_dev
func1_th1,58.0,69.3,7.930952023559341
func2_th1,61.0,75.5,8.59263250310016
func3_th1,72.0,79.1,5.486346689738081
